,Headlines,BodyID
0,"b""UPDATE 1-India's Modi promises jobs, infrastructure if BJP wins third term""",0
1,"b""UPDATE 1-India's Modi promises jobs, infrastructure if BJP wins third term""",1
2,"b""UPDATE 1-India's Modi promises jobs, infrastructure if BJP wins third term""",2
3,"b""UPDATE 1-India's Modi promises jobs, infrastructure if BJP wins third term""",3
4,"b""UPDATE 1-India's Modi promises jobs, infrastructure if BJP wins third term""",4
5,"b""UPDATE 1-India's Modi promises jobs, infrastructure if BJP wins third term""",5
6,"b""UPDATE 1-India's Modi promises jobs, infrastructure if BJP wins third term""",6
7,"b""UPDATE 1-India's Modi promises jobs, infrastructure if BJP wins third term""",7
8,"b""UPDATE 1-India's Modi promises jobs, infrastructure if BJP wins third term""",8
9,"b""UPDATE 1-India's Modi promises jobs, infrastructure if BJP wins third term""",9
10,"b""UPDATE 1-India's Modi promises jobs, infrastructure if BJP wins third term""",10
11,"b""UPDATE 1-India's Modi promises jobs, infrastructure if BJP wins third term""",11
12,"b""UPDATE 1-India's Modi promises jobs, infrastructure if BJP wins third term""",12
13,"b""UPDATE 1-India's Modi promises jobs, infrastructure if BJP wins third term""",13
14,"b""UPDATE 1-India's Modi promises jobs, infrastructure if BJP wins third term""",14
15,"b""UPDATE 1-India's Modi promises jobs, infrastructure if BJP wins third term""",15
16,"b""UPDATE 1-India's Modi promises jobs, infrastructure if BJP wins third term""",16
17,"b""UPDATE 1-India's Modi promises jobs, infrastructure if BJP wins third term""",17
18,"b""UPDATE 1-India's Modi promises jobs, infrastructure if BJP wins third term""",18
19,"b""UPDATE 1-India's Modi promises jobs, infrastructure if BJP wins third term""",19
20,"b""UPDATE 1-India's Modi promises jobs, infrastructure if BJP wins third term""",20
21,"b""UPDATE 1-India's Modi promises jobs, infrastructure if BJP wins third term""",21
22,"b""UPDATE 1-India's Modi promises jobs, infrastructure if BJP wins third term""",22
23,"b""UPDATE 1-India's Modi promises jobs, infrastructure if BJP wins third term""",23
24,"b""UPDATE 1-India's Modi promises jobs, infrastructure if BJP wins third term""",24
25,"b""UPDATE 1-India's Modi promises jobs, infrastructure if BJP wins third term""",25
26,"b""UPDATE 1-India's Modi promises jobs, infrastructure if BJP wins third term""",26
27,"b""UPDATE 1-India's Modi promises jobs, infrastructure if BJP wins third term""",27
28,"b""UPDATE 1-India's Modi promises jobs, infrastructure if BJP wins third term""",28
29,"b""UPDATE 1-India's Modi promises jobs, infrastructure if BJP wins third term""",29
30,"b""UPDATE 1-India's Modi promises jobs, infrastructure if BJP wins third term""",30
31,"b""UPDATE 1-India's Modi promises jobs, infrastructure if BJP wins third term""",31
32,"b""UPDATE 1-India's Modi promises jobs, infrastructure if BJP wins third term""",32
33,"b""UPDATE 1-India's Modi promises jobs, infrastructure if BJP wins third term""",33
34,"b""UPDATE 1-India's Modi promises jobs, infrastructure if BJP wins third term""",34
35,"b""UPDATE 1-India's Modi promises jobs, infrastructure if BJP wins third term""",35
36,"b""UPDATE 1-India's Modi promises jobs, infrastructure if BJP wins third term""",36
37,"b""UPDATE 1-India's Modi promises jobs, infrastructure if BJP wins third term""",37
38,"b""UPDATE 1-India's Modi promises jobs, infrastructure if BJP wins third term""",38
39,"b""UPDATE 1-India's Modi promises jobs, infrastructure if BJP wins third term""",39
40,"b""UPDATE 1-India's Modi promises jobs, infrastructure if BJP wins third term""",40
41,"b""UPDATE 1-India's Modi promises jobs, infrastructure if BJP wins third term""",41
42,"b""UPDATE 1-India's Modi promises jobs, infrastructure if BJP wins third term""",42
43,"b""UPDATE 1-India's Modi promises jobs, infrastructure if BJP wins third term""",43
44,"b""UPDATE 1-India's Modi promises jobs, infrastructure if BJP wins third term""",44
45,"b""UPDATE 1-India's Modi promises jobs, infrastructure if BJP wins third term""",45
46,"b""UPDATE 1-India's Modi promises jobs, infrastructure if BJP wins third term""",46
47,"b""UPDATE 1-India's Modi promises jobs, infrastructure if BJP wins third term""",47
48,"b""UPDATE 1-India's Modi promises jobs, infrastructure if BJP wins third term""",48
49,"b""UPDATE 1-India's Modi promises jobs, infrastructure if BJP wins third term""",49
50,"b""UPDATE 1-India's Modi promises jobs, infrastructure if BJP wins third term""",50
51,"b""UPDATE 1-India's Modi promises jobs, infrastructure if BJP wins third term""",51
52,"b""UPDATE 1-India's Modi promises jobs, infrastructure if BJP wins third term""",52
53,"b""UPDATE 1-India's Modi promises jobs, infrastructure if BJP wins third term""",53
54,"b""UPDATE 1-India's Modi promises jobs, infrastructure if BJP wins third term""",54
55,"b""UPDATE 1-India's Modi promises jobs, infrastructure if BJP wins third term""",55
56,"b""UPDATE 1-India's Modi promises jobs, infrastructure if BJP wins third term""",56
57,"b""UPDATE 1-India's Modi promises jobs, infrastructure if BJP wins third term""",57
58,"b""UPDATE 1-India's Modi promises jobs, infrastructure if BJP wins third term""",58
59,"b""UPDATE 1-India's Modi promises jobs, infrastructure if BJP wins third term""",59
60,"b""UPDATE 1-India's Modi promises jobs, infrastructure if BJP wins third term""",60
61,"b""UPDATE 1-India's Modi promises jobs, infrastructure if BJP wins third term""",61
62,"b""UPDATE 1-India's Modi promises jobs, infrastructure if BJP wins third term""",62
63,"b""UPDATE 1-India's Modi promises jobs, infrastructure if BJP wins third term""",63
64,"b""UPDATE 1-India's Modi promises jobs, infrastructure if BJP wins third term""",64
65,"b""UPDATE 1-India's Modi promises jobs, infrastructure if BJP wins third term""",65
66,"b""UPDATE 1-India's Modi promises jobs, infrastructure if BJP wins third term""",66
67,"b""UPDATE 1-India's Modi promises jobs, infrastructure if BJP wins third term""",67
68,"b""UPDATE 1-India's Modi promises jobs, infrastructure if BJP wins third term""",68
69,"b""UPDATE 1-India's Modi promises jobs, infrastructure if BJP wins third term""",69
70,"b""UPDATE 1-India's Modi promises jobs, infrastructure if BJP wins third term""",70
71,"b""UPDATE 1-India's Modi promises jobs, infrastructure if BJP wins third term""",71
72,"b""UPDATE 1-India's Modi promises jobs, infrastructure if BJP wins third term""",72
73,"b""UPDATE 1-India's Modi promises jobs, infrastructure if BJP wins third term""",73
74,"b""UPDATE 1-India's Modi promises jobs, infrastructure if BJP wins third term""",74
75,"b""UPDATE 1-India's Modi promises jobs, infrastructure if BJP wins third term""",75
76,"b""UPDATE 1-India's Modi promises jobs, infrastructure if BJP wins third term""",76
77,"b""UPDATE 1-India's Modi promises jobs, infrastructure if BJP wins third term""",77
78,"b""UPDATE 1-India's Modi promises jobs, infrastructure if BJP wins third term""",78
79,"b""UPDATE 1-India's Modi promises jobs, infrastructure if BJP wins third term""",79
80,"b""UPDATE 1-India's Modi promises jobs, infrastructure if BJP wins third term""",80
81,"b""UPDATE 1-India's Modi promises jobs, infrastructure if BJP wins third term""",81
82,"b""UPDATE 1-India's Modi promises jobs, infrastructure if BJP wins third term""",82
83,"b""UPDATE 1-India's Modi promises jobs, infrastructure if BJP wins third term""",83
84,"b""UPDATE 1-India's Modi promises jobs, infrastructure if BJP wins third term""",84
85,"b""UPDATE 1-India's Modi promises jobs, infrastructure if BJP wins third term""",85
86,"b""UPDATE 1-India's Modi promises jobs, infrastructure if BJP wins third term""",86
87,"b""UPDATE 1-India's Modi promises jobs, infrastructure if BJP wins third term""",87
88,"b""UPDATE 1-India's Modi promises jobs, infrastructure if BJP wins third term""",88
89,"b""UPDATE 1-India's Modi promises jobs, infrastructure if BJP wins third term""",89
90,"b""UPDATE 1-India's Modi promises jobs, infrastructure if BJP wins third term""",90
91,"b""UPDATE 1-India's Modi promises jobs, infrastructure if BJP wins third term""",91
92,"b""UPDATE 1-India's Modi promises jobs, infrastructure if BJP wins third term""",92
93,"b""UPDATE 1-India's Modi promises jobs, infrastructure if BJP wins third term""",93
94,"b""UPDATE 1-India's Modi promises jobs, infrastructure if BJP wins third term""",94
95,"b""UPDATE 1-India's Modi promises jobs, infrastructure if BJP wins third term""",95
96,"b""UPDATE 1-India's Modi promises jobs, infrastructure if BJP wins third term""",96
97,"b""UPDATE 1-India's Modi promises jobs, infrastructure if BJP wins third term""",97
98,"b""UPDATE 1-India's Modi promises jobs, infrastructure if BJP wins third term""",98
99,"b""UPDATE 1-India's Modi promises jobs, infrastructure if BJP wins third term""",99
100,b'Elon Musk cancels trip to India as Tesla struggles at home',100
101,b'Elon Musk cancels trip to India as Tesla struggles at home',101
102,b'Elon Musk cancels trip to India as Tesla struggles at home',102
103,b'Elon Musk cancels trip to India as Tesla struggles at home',103
104,b'Elon Musk cancels trip to India as Tesla struggles at home',104
105,b'Elon Musk cancels trip to India as Tesla struggles at home',105
106,b'Elon Musk cancels trip to India as Tesla struggles at home',106
107,b'Elon Musk cancels trip to India as Tesla struggles at home',107
108,b'Elon Musk cancels trip to India as Tesla struggles at home',108
109,b'Elon Musk cancels trip to India as Tesla struggles at home',109
110,b'Elon Musk cancels trip to India as Tesla struggles at home',110
111,b'Elon Musk cancels trip to India as Tesla struggles at home',111
112,b'Elon Musk cancels trip to India as Tesla struggles at home',112
113,b'Elon Musk cancels trip to India as Tesla struggles at home',113
114,b'Elon Musk cancels trip to India as Tesla struggles at home',114
115,b'Elon Musk cancels trip to India as Tesla struggles at home',115
116,b'Elon Musk cancels trip to India as Tesla struggles at home',116
117,b'Elon Musk cancels trip to India as Tesla struggles at home',117
118,b'Elon Musk cancels trip to India as Tesla struggles at home',118
119,b'Elon Musk cancels trip to India as Tesla struggles at home',119
120,b'Elon Musk cancels trip to India as Tesla struggles at home',120
121,b'Elon Musk cancels trip to India as Tesla struggles at home',121
122,b'Elon Musk cancels trip to India as Tesla struggles at home',122
123,b'Elon Musk cancels trip to India as Tesla struggles at home',123
124,b'Elon Musk cancels trip to India as Tesla struggles at home',124
125,b'Elon Musk cancels trip to India as Tesla struggles at home',125
126,b'Elon Musk cancels trip to India as Tesla struggles at home',126
127,b'Elon Musk cancels trip to India as Tesla struggles at home',127
128,b'Elon Musk cancels trip to India as Tesla struggles at home',128
129,b'Elon Musk cancels trip to India as Tesla struggles at home',129
130,b'Elon Musk cancels trip to India as Tesla struggles at home',130
131,b'Elon Musk cancels trip to India as Tesla struggles at home',131
132,b'Elon Musk cancels trip to India as Tesla struggles at home',132
133,b'Elon Musk cancels trip to India as Tesla struggles at home',133
134,b'Elon Musk cancels trip to India as Tesla struggles at home',134
135,b'Elon Musk cancels trip to India as Tesla struggles at home',135
136,b'Elon Musk cancels trip to India as Tesla struggles at home',136
137,b'Elon Musk cancels trip to India as Tesla struggles at home',137
138,b'Elon Musk cancels trip to India as Tesla struggles at home',138
139,b'Elon Musk cancels trip to India as Tesla struggles at home',139
140,b'Elon Musk cancels trip to India as Tesla struggles at home',140
141,b'Elon Musk cancels trip to India as Tesla struggles at home',141
142,b'Elon Musk cancels trip to India as Tesla struggles at home',142
143,b'Elon Musk cancels trip to India as Tesla struggles at home',143
144,b'Elon Musk cancels trip to India as Tesla struggles at home',144
145,b'Elon Musk cancels trip to India as Tesla struggles at home',145
146,b'Elon Musk cancels trip to India as Tesla struggles at home',146
147,b'Elon Musk cancels trip to India as Tesla struggles at home',147
148,b'Elon Musk cancels trip to India as Tesla struggles at home',148
149,b'Elon Musk cancels trip to India as Tesla struggles at home',149
150,b'Elon Musk cancels trip to India as Tesla struggles at home',150
151,b'Elon Musk cancels trip to India as Tesla struggles at home',151
152,b'Elon Musk cancels trip to India as Tesla struggles at home',152
153,b'Elon Musk cancels trip to India as Tesla struggles at home',153
154,b'Elon Musk cancels trip to India as Tesla struggles at home',154
155,b'Elon Musk cancels trip to India as Tesla struggles at home',155
156,b'Elon Musk cancels trip to India as Tesla struggles at home',156
157,b'Elon Musk cancels trip to India as Tesla struggles at home',157
158,b'Elon Musk cancels trip to India as Tesla struggles at home',158
159,b'Elon Musk cancels trip to India as Tesla struggles at home',159
160,b'Elon Musk cancels trip to India as Tesla struggles at home',160
161,b'Elon Musk cancels trip to India as Tesla struggles at home',161
162,b'Elon Musk cancels trip to India as Tesla struggles at home',162
163,b'Elon Musk cancels trip to India as Tesla struggles at home',163
164,b'Elon Musk cancels trip to India as Tesla struggles at home',164
165,b'Elon Musk cancels trip to India as Tesla struggles at home',165
166,b'Elon Musk cancels trip to India as Tesla struggles at home',166
167,b'Elon Musk cancels trip to India as Tesla struggles at home',167
168,b'Elon Musk cancels trip to India as Tesla struggles at home',168
169,b'Elon Musk cancels trip to India as Tesla struggles at home',169
170,b'Elon Musk cancels trip to India as Tesla struggles at home',170
171,b'Elon Musk cancels trip to India as Tesla struggles at home',171
172,b'Elon Musk cancels trip to India as Tesla struggles at home',172
173,b'Elon Musk cancels trip to India as Tesla struggles at home',173
174,b'Elon Musk cancels trip to India as Tesla struggles at home',174
175,b'Elon Musk cancels trip to India as Tesla struggles at home',175
176,b'Elon Musk cancels trip to India as Tesla struggles at home',176
177,b'Elon Musk cancels trip to India as Tesla struggles at home',177
178,b'Elon Musk cancels trip to India as Tesla struggles at home',178
179,b'Elon Musk cancels trip to India as Tesla struggles at home',179
180,b'Elon Musk cancels trip to India as Tesla struggles at home',180
181,b'Elon Musk cancels trip to India as Tesla struggles at home',181
182,b'Elon Musk cancels trip to India as Tesla struggles at home',182
183,b'Elon Musk cancels trip to India as Tesla struggles at home',183
184,b'Elon Musk cancels trip to India as Tesla struggles at home',184
185,b'Elon Musk cancels trip to India as Tesla struggles at home',185
186,b'Elon Musk cancels trip to India as Tesla struggles at home',186
187,b'Elon Musk cancels trip to India as Tesla struggles at home',187
188,b'Elon Musk cancels trip to India as Tesla struggles at home',188
189,b'Elon Musk cancels trip to India as Tesla struggles at home',189
190,b'Elon Musk cancels trip to India as Tesla struggles at home',190
191,b'Elon Musk cancels trip to India as Tesla struggles at home',191
192,b'Elon Musk cancels trip to India as Tesla struggles at home',192
193,b'Elon Musk cancels trip to India as Tesla struggles at home',193
194,b'Elon Musk cancels trip to India as Tesla struggles at home',194
195,b'Elon Musk cancels trip to India as Tesla struggles at home',195
196,b'Elon Musk cancels trip to India as Tesla struggles at home',196
197,b'Elon Musk cancels trip to India as Tesla struggles at home',197
198,b'Elon Musk cancels trip to India as Tesla struggles at home',198
199,b'Elon Musk cancels trip to India as Tesla struggles at home',199
200,"b""India BJP's election videos targeting Muslims and opposition spark outrage""",200
201,"b""India BJP's election videos targeting Muslims and opposition spark outrage""",201
202,"b""India BJP's election videos targeting Muslims and opposition spark outrage""",202
203,"b""India BJP's election videos targeting Muslims and opposition spark outrage""",203
204,"b""India BJP's election videos targeting Muslims and opposition spark outrage""",204
205,"b""India BJP's election videos targeting Muslims and opposition spark outrage""",205
206,"b""India BJP's election videos targeting Muslims and opposition spark outrage""",206
207,"b""India BJP's election videos targeting Muslims and opposition spark outrage""",207
208,"b""India BJP's election videos targeting Muslims and opposition spark outrage""",208
209,"b""India BJP's election videos targeting Muslims and opposition spark outrage""",209
210,"b""India BJP's election videos targeting Muslims and opposition spark outrage""",210
211,"b""India BJP's election videos targeting Muslims and opposition spark outrage""",211
212,"b""India BJP's election videos targeting Muslims and opposition spark outrage""",212
213,"b""India BJP's election videos targeting Muslims and opposition spark outrage""",213
214,"b""India BJP's election videos targeting Muslims and opposition spark outrage""",214
215,"b""India BJP's election videos targeting Muslims and opposition spark outrage""",215
216,"b""India BJP's election videos targeting Muslims and opposition spark outrage""",216
217,"b""India BJP's election videos targeting Muslims and opposition spark outrage""",217
218,"b""India BJP's election videos targeting Muslims and opposition spark outrage""",218
219,"b""India BJP's election videos targeting Muslims and opposition spark outrage""",219
220,"b""India BJP's election videos targeting Muslims and opposition spark outrage""",220
221,"b""India BJP's election videos targeting Muslims and opposition spark outrage""",221
222,"b""India BJP's election videos targeting Muslims and opposition spark outrage""",222
223,"b""India BJP's election videos targeting Muslims and opposition spark outrage""",223
224,"b""India BJP's election videos targeting Muslims and opposition spark outrage""",224
225,"b""India BJP's election videos targeting Muslims and opposition spark outrage""",225
226,"b""India BJP's election videos targeting Muslims and opposition spark outrage""",226
227,"b""India BJP's election videos targeting Muslims and opposition spark outrage""",227
228,"b""India BJP's election videos targeting Muslims and opposition spark outrage""",228
229,"b""India BJP's election videos targeting Muslims and opposition spark outrage""",229
230,"b""India BJP's election videos targeting Muslims and opposition spark outrage""",230
231,"b""India BJP's election videos targeting Muslims and opposition spark outrage""",231
232,"b""India BJP's election videos targeting Muslims and opposition spark outrage""",232
233,"b""India BJP's election videos targeting Muslims and opposition spark outrage""",233
234,"b""India BJP's election videos targeting Muslims and opposition spark outrage""",234
235,"b""India BJP's election videos targeting Muslims and opposition spark outrage""",235
236,"b""India BJP's election videos targeting Muslims and opposition spark outrage""",236
237,"b""India BJP's election videos targeting Muslims and opposition spark outrage""",237
238,"b""India BJP's election videos targeting Muslims and opposition spark outrage""",238
239,"b""India BJP's election videos targeting Muslims and opposition spark outrage""",239
240,"b""India BJP's election videos targeting Muslims and opposition spark outrage""",240
241,"b""India BJP's election videos targeting Muslims and opposition spark outrage""",241
242,"b""India BJP's election videos targeting Muslims and opposition spark outrage""",242
243,"b""India BJP's election videos targeting Muslims and opposition spark outrage""",243
244,"b""India BJP's election videos targeting Muslims and opposition spark outrage""",244
245,"b""India BJP's election videos targeting Muslims and opposition spark outrage""",245
246,"b""India BJP's election videos targeting Muslims and opposition spark outrage""",246
247,"b""India BJP's election videos targeting Muslims and opposition spark outrage""",247
248,"b""India BJP's election videos targeting Muslims and opposition spark outrage""",248
249,"b""India BJP's election videos targeting Muslims and opposition spark outrage""",249
250,"b""India BJP's election videos targeting Muslims and opposition spark outrage""",250
251,"b""India BJP's election videos targeting Muslims and opposition spark outrage""",251
252,"b""India BJP's election videos targeting Muslims and opposition spark outrage""",252
253,"b""India BJP's election videos targeting Muslims and opposition spark outrage""",253
254,"b""India BJP's election videos targeting Muslims and opposition spark outrage""",254
255,"b""India BJP's election videos targeting Muslims and opposition spark outrage""",255
256,"b""India BJP's election videos targeting Muslims and opposition spark outrage""",256
257,"b""India BJP's election videos targeting Muslims and opposition spark outrage""",257
258,"b""India BJP's election videos targeting Muslims and opposition spark outrage""",258
259,"b""India BJP's election videos targeting Muslims and opposition spark outrage""",259
260,"b""India BJP's election videos targeting Muslims and opposition spark outrage""",260
261,"b""India BJP's election videos targeting Muslims and opposition spark outrage""",261
262,"b""India BJP's election videos targeting Muslims and opposition spark outrage""",262
263,"b""India BJP's election videos targeting Muslims and opposition spark outrage""",263
264,"b""India BJP's election videos targeting Muslims and opposition spark outrage""",264
265,"b""India BJP's election videos targeting Muslims and opposition spark outrage""",265
266,"b""India BJP's election videos targeting Muslims and opposition spark outrage""",266
267,"b""India BJP's election videos targeting Muslims and opposition spark outrage""",267
268,"b""India BJP's election videos targeting Muslims and opposition spark outrage""",268
269,"b""India BJP's election videos targeting Muslims and opposition spark outrage""",269
270,"b""India BJP's election videos targeting Muslims and opposition spark outrage""",270
271,"b""India BJP's election videos targeting Muslims and opposition spark outrage""",271
272,"b""India BJP's election videos targeting Muslims and opposition spark outrage""",272
273,"b""India BJP's election videos targeting Muslims and opposition spark outrage""",273
274,"b""India BJP's election videos targeting Muslims and opposition spark outrage""",274
275,"b""India BJP's election videos targeting Muslims and opposition spark outrage""",275
276,"b""India BJP's election videos targeting Muslims and opposition spark outrage""",276
277,"b""India BJP's election videos targeting Muslims and opposition spark outrage""",277
278,"b""India BJP's election videos targeting Muslims and opposition spark outrage""",278
279,"b""India BJP's election videos targeting Muslims and opposition spark outrage""",279
280,"b""India BJP's election videos targeting Muslims and opposition spark outrage""",280
281,"b""India BJP's election videos targeting Muslims and opposition spark outrage""",281
282,"b""India BJP's election videos targeting Muslims and opposition spark outrage""",282
283,"b""India BJP's election videos targeting Muslims and opposition spark outrage""",283
284,"b""India BJP's election videos targeting Muslims and opposition spark outrage""",284
285,"b""India BJP's election videos targeting Muslims and opposition spark outrage""",285
286,"b""India BJP's election videos targeting Muslims and opposition spark outrage""",286
287,"b""India BJP's election videos targeting Muslims and opposition spark outrage""",287
288,"b""India BJP's election videos targeting Muslims and opposition spark outrage""",288
289,"b""India BJP's election videos targeting Muslims and opposition spark outrage""",289
290,"b""India BJP's election videos targeting Muslims and opposition spark outrage""",290
291,"b""India BJP's election videos targeting Muslims and opposition spark outrage""",291
292,"b""India BJP's election videos targeting Muslims and opposition spark outrage""",292
293,"b""India BJP's election videos targeting Muslims and opposition spark outrage""",293
294,"b""India BJP's election videos targeting Muslims and opposition spark outrage""",294
295,"b""India BJP's election videos targeting Muslims and opposition spark outrage""",295
296,"b""India BJP's election videos targeting Muslims and opposition spark outrage""",296
297,"b""India BJP's election videos targeting Muslims and opposition spark outrage""",297
298,"b""India BJP's election videos targeting Muslims and opposition spark outrage""",298
299,"b""India BJP's election videos targeting Muslims and opposition spark outrage""",299
300,"b""UPDATE 1-India's Modi promises jobs, infrastructure if BJP wins third term""",300
301,"b""UPDATE 1-India's Modi promises jobs, infrastructure if BJP wins third term""",301
302,"b""UPDATE 1-India's Modi promises jobs, infrastructure if BJP wins third term""",302
303,"b""UPDATE 1-India's Modi promises jobs, infrastructure if BJP wins third term""",303
304,"b""UPDATE 1-India's Modi promises jobs, infrastructure if BJP wins third term""",304
305,"b""UPDATE 1-India's Modi promises jobs, infrastructure if BJP wins third term""",305
306,"b""UPDATE 1-India's Modi promises jobs, infrastructure if BJP wins third term""",306
307,"b""UPDATE 1-India's Modi promises jobs, infrastructure if BJP wins third term""",307
308,"b""UPDATE 1-India's Modi promises jobs, infrastructure if BJP wins third term""",308
309,"b""UPDATE 1-India's Modi promises jobs, infrastructure if BJP wins third term""",309
310,"b""UPDATE 1-India's Modi promises jobs, infrastructure if BJP wins third term""",310
311,"b""UPDATE 1-India's Modi promises jobs, infrastructure if BJP wins third term""",311
312,"b""UPDATE 1-India's Modi promises jobs, infrastructure if BJP wins third term""",312
313,"b""UPDATE 1-India's Modi promises jobs, infrastructure if BJP wins third term""",313
314,"b""UPDATE 1-India's Modi promises jobs, infrastructure if BJP wins third term""",314
315,"b""UPDATE 1-India's Modi promises jobs, infrastructure if BJP wins third term""",315
316,"b""UPDATE 1-India's Modi promises jobs, infrastructure if BJP wins third term""",316
317,"b""UPDATE 1-India's Modi promises jobs, infrastructure if BJP wins third term""",317
318,"b""UPDATE 1-India's Modi promises jobs, infrastructure if BJP wins third term""",318
319,"b""UPDATE 1-India's Modi promises jobs, infrastructure if BJP wins third term""",319
320,"b""UPDATE 1-India's Modi promises jobs, infrastructure if BJP wins third term""",320
321,"b""UPDATE 1-India's Modi promises jobs, infrastructure if BJP wins third term""",321
322,"b""UPDATE 1-India's Modi promises jobs, infrastructure if BJP wins third term""",322
323,"b""UPDATE 1-India's Modi promises jobs, infrastructure if BJP wins third term""",323
324,"b""UPDATE 1-India's Modi promises jobs, infrastructure if BJP wins third term""",324
325,"b""UPDATE 1-India's Modi promises jobs, infrastructure if BJP wins third term""",325
326,"b""UPDATE 1-India's Modi promises jobs, infrastructure if BJP wins third term""",326
327,"b""UPDATE 1-India's Modi promises jobs, infrastructure if BJP wins third term""",327
328,"b""UPDATE 1-India's Modi promises jobs, infrastructure if BJP wins third term""",328
329,"b""UPDATE 1-India's Modi promises jobs, infrastructure if BJP wins third term""",329
330,"b""UPDATE 1-India's Modi promises jobs, infrastructure if BJP wins third term""",330
331,"b""UPDATE 1-India's Modi promises jobs, infrastructure if BJP wins third term""",331
332,"b""UPDATE 1-India's Modi promises jobs, infrastructure if BJP wins third term""",332
333,"b""UPDATE 1-India's Modi promises jobs, infrastructure if BJP wins third term""",333
334,"b""UPDATE 1-India's Modi promises jobs, infrastructure if BJP wins third term""",334
335,"b""UPDATE 1-India's Modi promises jobs, infrastructure if BJP wins third term""",335
336,"b""UPDATE 1-India's Modi promises jobs, infrastructure if BJP wins third term""",336
337,"b""UPDATE 1-India's Modi promises jobs, infrastructure if BJP wins third term""",337
338,"b""UPDATE 1-India's Modi promises jobs, infrastructure if BJP wins third term""",338
339,"b""UPDATE 1-India's Modi promises jobs, infrastructure if BJP wins third term""",339
340,"b""UPDATE 1-India's Modi promises jobs, infrastructure if BJP wins third term""",340
341,"b""UPDATE 1-India's Modi promises jobs, infrastructure if BJP wins third term""",341
342,"b""UPDATE 1-India's Modi promises jobs, infrastructure if BJP wins third term""",342
343,"b""UPDATE 1-India's Modi promises jobs, infrastructure if BJP wins third term""",343
344,"b""UPDATE 1-India's Modi promises jobs, infrastructure if BJP wins third term""",344
345,"b""UPDATE 1-India's Modi promises jobs, infrastructure if BJP wins third term""",345
346,"b""UPDATE 1-India's Modi promises jobs, infrastructure if BJP wins third term""",346
347,"b""UPDATE 1-India's Modi promises jobs, infrastructure if BJP wins third term""",347
348,"b""UPDATE 1-India's Modi promises jobs, infrastructure if BJP wins third term""",348
349,"b""UPDATE 1-India's Modi promises jobs, infrastructure if BJP wins third term""",349
350,"b""UPDATE 1-India's Modi promises jobs, infrastructure if BJP wins third term""",350
351,"b""UPDATE 1-India's Modi promises jobs, infrastructure if BJP wins third term""",351
352,"b""UPDATE 1-India's Modi promises jobs, infrastructure if BJP wins third term""",352
353,"b""UPDATE 1-India's Modi promises jobs, infrastructure if BJP wins third term""",353
354,"b""UPDATE 1-India's Modi promises jobs, infrastructure if BJP wins third term""",354
355,"b""UPDATE 1-India's Modi promises jobs, infrastructure if BJP wins third term""",355
356,"b""UPDATE 1-India's Modi promises jobs, infrastructure if BJP wins third term""",356
357,"b""UPDATE 1-India's Modi promises jobs, infrastructure if BJP wins third term""",357
358,"b""UPDATE 1-India's Modi promises jobs, infrastructure if BJP wins third term""",358
359,"b""UPDATE 1-India's Modi promises jobs, infrastructure if BJP wins third term""",359
360,"b""UPDATE 1-India's Modi promises jobs, infrastructure if BJP wins third term""",360
361,"b""UPDATE 1-India's Modi promises jobs, infrastructure if BJP wins third term""",361
362,"b""UPDATE 1-India's Modi promises jobs, infrastructure if BJP wins third term""",362
363,"b""UPDATE 1-India's Modi promises jobs, infrastructure if BJP wins third term""",363
364,"b""UPDATE 1-India's Modi promises jobs, infrastructure if BJP wins third term""",364
365,"b""UPDATE 1-India's Modi promises jobs, infrastructure if BJP wins third term""",365
366,"b""UPDATE 1-India's Modi promises jobs, infrastructure if BJP wins third term""",366
367,"b""UPDATE 1-India's Modi promises jobs, infrastructure if BJP wins third term""",367
368,"b""UPDATE 1-India's Modi promises jobs, infrastructure if BJP wins third term""",368
369,"b""UPDATE 1-India's Modi promises jobs, infrastructure if BJP wins third term""",369
370,"b""UPDATE 1-India's Modi promises jobs, infrastructure if BJP wins third term""",370
371,"b""UPDATE 1-India's Modi promises jobs, infrastructure if BJP wins third term""",371
372,"b""UPDATE 1-India's Modi promises jobs, infrastructure if BJP wins third term""",372
373,"b""UPDATE 1-India's Modi promises jobs, infrastructure if BJP wins third term""",373
374,"b""UPDATE 1-India's Modi promises jobs, infrastructure if BJP wins third term""",374
375,"b""UPDATE 1-India's Modi promises jobs, infrastructure if BJP wins third term""",375
376,"b""UPDATE 1-India's Modi promises jobs, infrastructure if BJP wins third term""",376
377,"b""UPDATE 1-India's Modi promises jobs, infrastructure if BJP wins third term""",377
378,"b""UPDATE 1-India's Modi promises jobs, infrastructure if BJP wins third term""",378
379,"b""UPDATE 1-India's Modi promises jobs, infrastructure if BJP wins third term""",379
380,"b""UPDATE 1-India's Modi promises jobs, infrastructure if BJP wins third term""",380
381,"b""UPDATE 1-India's Modi promises jobs, infrastructure if BJP wins third term""",381
382,"b""UPDATE 1-India's Modi promises jobs, infrastructure if BJP wins third term""",382
383,"b""UPDATE 1-India's Modi promises jobs, infrastructure if BJP wins third term""",383
384,"b""UPDATE 1-India's Modi promises jobs, infrastructure if BJP wins third term""",384
385,"b""UPDATE 1-India's Modi promises jobs, infrastructure if BJP wins third term""",385
386,"b""UPDATE 1-India's Modi promises jobs, infrastructure if BJP wins third term""",386
387,"b""UPDATE 1-India's Modi promises jobs, infrastructure if BJP wins third term""",387
388,"b""UPDATE 1-India's Modi promises jobs, infrastructure if BJP wins third term""",388
389,"b""UPDATE 1-India's Modi promises jobs, infrastructure if BJP wins third term""",389
390,"b""UPDATE 1-India's Modi promises jobs, infrastructure if BJP wins third term""",390
391,"b""UPDATE 1-India's Modi promises jobs, infrastructure if BJP wins third term""",391
392,"b""UPDATE 1-India's Modi promises jobs, infrastructure if BJP wins third term""",392
393,"b""UPDATE 1-India's Modi promises jobs, infrastructure if BJP wins third term""",393
394,"b""UPDATE 1-India's Modi promises jobs, infrastructure if BJP wins third term""",394
395,"b""UPDATE 1-India's Modi promises jobs, infrastructure if BJP wins third term""",395
396,"b""UPDATE 1-India's Modi promises jobs, infrastructure if BJP wins third term""",396
397,"b""UPDATE 1-India's Modi promises jobs, infrastructure if BJP wins third term""",397
398,"b""UPDATE 1-India's Modi promises jobs, infrastructure if BJP wins third term""",398
399,"b""UPDATE 1-India's Modi promises jobs, infrastructure if BJP wins third term""",399
400,b'Congress to remove 50% cap on quota if elected to power: Rahul Gandhi',400
401,b'Congress to remove 50% cap on quota if elected to power: Rahul Gandhi',401
402,b'Congress to remove 50% cap on quota if elected to power: Rahul Gandhi',402
403,b'Congress to remove 50% cap on quota if elected to power: Rahul Gandhi',403
404,b'Congress to remove 50% cap on quota if elected to power: Rahul Gandhi',404
405,b'Congress to remove 50% cap on quota if elected to power: Rahul Gandhi',405
406,b'Congress to remove 50% cap on quota if elected to power: Rahul Gandhi',406
407,b'Congress to remove 50% cap on quota if elected to power: Rahul Gandhi',407
408,b'Congress to remove 50% cap on quota if elected to power: Rahul Gandhi',408
409,b'Congress to remove 50% cap on quota if elected to power: Rahul Gandhi',409
410,b'Congress to remove 50% cap on quota if elected to power: Rahul Gandhi',410
411,b'Congress to remove 50% cap on quota if elected to power: Rahul Gandhi',411
412,b'Congress to remove 50% cap on quota if elected to power: Rahul Gandhi',412
413,b'Congress to remove 50% cap on quota if elected to power: Rahul Gandhi',413
414,b'Congress to remove 50% cap on quota if elected to power: Rahul Gandhi',414
415,b'Congress to remove 50% cap on quota if elected to power: Rahul Gandhi',415
416,b'Congress to remove 50% cap on quota if elected to power: Rahul Gandhi',416
417,b'Congress to remove 50% cap on quota if elected to power: Rahul Gandhi',417
418,b'Congress to remove 50% cap on quota if elected to power: Rahul Gandhi',418
419,b'Congress to remove 50% cap on quota if elected to power: Rahul Gandhi',419
420,b'Congress to remove 50% cap on quota if elected to power: Rahul Gandhi',420
421,b'Congress to remove 50% cap on quota if elected to power: Rahul Gandhi',421
422,b'Congress to remove 50% cap on quota if elected to power: Rahul Gandhi',422
423,b'Congress to remove 50% cap on quota if elected to power: Rahul Gandhi',423
424,b'Congress to remove 50% cap on quota if elected to power: Rahul Gandhi',424
425,b'Congress to remove 50% cap on quota if elected to power: Rahul Gandhi',425
426,b'Congress to remove 50% cap on quota if elected to power: Rahul Gandhi',426
427,b'Congress to remove 50% cap on quota if elected to power: Rahul Gandhi',427
428,b'Congress to remove 50% cap on quota if elected to power: Rahul Gandhi',428
429,b'Congress to remove 50% cap on quota if elected to power: Rahul Gandhi',429
430,b'Congress to remove 50% cap on quota if elected to power: Rahul Gandhi',430
431,b'Congress to remove 50% cap on quota if elected to power: Rahul Gandhi',431
432,b'Congress to remove 50% cap on quota if elected to power: Rahul Gandhi',432
433,b'Congress to remove 50% cap on quota if elected to power: Rahul Gandhi',433
434,b'Congress to remove 50% cap on quota if elected to power: Rahul Gandhi',434
435,b'Congress to remove 50% cap on quota if elected to power: Rahul Gandhi',435
436,b'Congress to remove 50% cap on quota if elected to power: Rahul Gandhi',436
437,b'Congress to remove 50% cap on quota if elected to power: Rahul Gandhi',437
438,b'Congress to remove 50% cap on quota if elected to power: Rahul Gandhi',438
439,b'Revanna sex scandal: Why JD(S) matters for the BJP in Karnataka',439
440,b'Revanna sex scandal: Why JD(S) matters for the BJP in Karnataka',440
441,b'Revanna sex scandal: Why JD(S) matters for the BJP in Karnataka',441
442,b'Revanna sex scandal: Why JD(S) matters for the BJP in Karnataka',442
443,b'Revanna sex scandal: Why JD(S) matters for the BJP in Karnataka',443
444,b'Revanna sex scandal: Why JD(S) matters for the BJP in Karnataka',444
445,b'Revanna sex scandal: Why JD(S) matters for the BJP in Karnataka',445
446,b'Revanna sex scandal: Why JD(S) matters for the BJP in Karnataka',446
447,b'Revanna sex scandal: Why JD(S) matters for the BJP in Karnataka',447
448,b'Revanna sex scandal: Why JD(S) matters for the BJP in Karnataka',448
449,b'Revanna sex scandal: Why JD(S) matters for the BJP in Karnataka',449
450,b'Revanna sex scandal: Why JD(S) matters for the BJP in Karnataka',450
451,b'Revanna sex scandal: Why JD(S) matters for the BJP in Karnataka',451
452,b'Revanna sex scandal: Why JD(S) matters for the BJP in Karnataka',452
453,b'Revanna sex scandal: Why JD(S) matters for the BJP in Karnataka',453
454,b'Revanna sex scandal: Why JD(S) matters for the BJP in Karnataka',454
455,b'Revanna sex scandal: Why JD(S) matters for the BJP in Karnataka',455
456,b'Revanna sex scandal: Why JD(S) matters for the BJP in Karnataka',456
457,b'Revanna sex scandal: Why JD(S) matters for the BJP in Karnataka',457
458,b'Revanna sex scandal: Why JD(S) matters for the BJP in Karnataka',458
459,b'Revanna sex scandal: Why JD(S) matters for the BJP in Karnataka',459
460,b'Revanna sex scandal: Why JD(S) matters for the BJP in Karnataka',460
461,b'Revanna sex scandal: Why JD(S) matters for the BJP in Karnataka',461
462,b'Revanna sex scandal: Why JD(S) matters for the BJP in Karnataka',462
463,b'Revanna sex scandal: Why JD(S) matters for the BJP in Karnataka',463
464,b'Revanna sex scandal: Why JD(S) matters for the BJP in Karnataka',464
465,b'Revanna sex scandal: Why JD(S) matters for the BJP in Karnataka',465
466,b'Revanna sex scandal: Why JD(S) matters for the BJP in Karnataka',466
467,b'Revanna sex scandal: Why JD(S) matters for the BJP in Karnataka',467
468,b'Revanna sex scandal: Why JD(S) matters for the BJP in Karnataka',468
469,b'Revanna sex scandal: Why JD(S) matters for the BJP in Karnataka',469
470,b'Revanna sex scandal: Why JD(S) matters for the BJP in Karnataka',470
471,b'Revanna sex scandal: Why JD(S) matters for the BJP in Karnataka',471
472,b'Revanna sex scandal: Why JD(S) matters for the BJP in Karnataka',472
473,b'Revanna sex scandal: Why JD(S) matters for the BJP in Karnataka',473
474,b'Revanna sex scandal: Why JD(S) matters for the BJP in Karnataka',474
475,b'Revanna sex scandal: Why JD(S) matters for the BJP in Karnataka',475
476,b'Revanna sex scandal: Why JD(S) matters for the BJP in Karnataka',476
477,b'Revanna sex scandal: Why JD(S) matters for the BJP in Karnataka',477
478,b'Revanna sex scandal: Why JD(S) matters for the BJP in Karnataka',478
479,b'Revanna sex scandal: Why JD(S) matters for the BJP in Karnataka',479
480,b'Revanna sex scandal: Why JD(S) matters for the BJP in Karnataka',480
481,b'Revanna sex scandal: Why JD(S) matters for the BJP in Karnataka',481
482,b'Revanna sex scandal: Why JD(S) matters for the BJP in Karnataka',482
483,b'Revanna sex scandal: Why JD(S) matters for the BJP in Karnataka',483
484,b'Revanna sex scandal: Why JD(S) matters for the BJP in Karnataka',484
485,b'Revanna sex scandal: Why JD(S) matters for the BJP in Karnataka',485
486,b'Revanna sex scandal: Why JD(S) matters for the BJP in Karnataka',486
487,b'Revanna sex scandal: Why JD(S) matters for the BJP in Karnataka',487
488,b'Revanna sex scandal: Why JD(S) matters for the BJP in Karnataka',488
489,b'Revanna sex scandal: Why JD(S) matters for the BJP in Karnataka',489
490,b'Revanna sex scandal: Why JD(S) matters for the BJP in Karnataka',490
491,b'Revanna sex scandal: Why JD(S) matters for the BJP in Karnataka',491
492,b'Revanna sex scandal: Why JD(S) matters for the BJP in Karnataka',492
493,b'Revanna sex scandal: Why JD(S) matters for the BJP in Karnataka',493
494,b'Revanna sex scandal: Why JD(S) matters for the BJP in Karnataka',494
495,b'Revanna sex scandal: Why JD(S) matters for the BJP in Karnataka',495
496,b'Revanna sex scandal: Why JD(S) matters for the BJP in Karnataka',496
497,b'Revanna sex scandal: Why JD(S) matters for the BJP in Karnataka',497
498,b'Revanna sex scandal: Why JD(S) matters for the BJP in Karnataka',498
499,b'Revanna sex scandal: Why JD(S) matters for the BJP in Karnataka',499
500,b'Revanna sex scandal: Why JD(S) matters for the BJP in Karnataka',500
501,b'Revanna sex scandal: Why JD(S) matters for the BJP in Karnataka',501
502,b'Revanna sex scandal: Why JD(S) matters for the BJP in Karnataka',502
503,b'Revanna sex scandal: Why JD(S) matters for the BJP in Karnataka',503
504,b'Revanna sex scandal: Why JD(S) matters for the BJP in Karnataka',504
505,b'Revanna sex scandal: Why JD(S) matters for the BJP in Karnataka',505
506,b'Revanna sex scandal: Why JD(S) matters for the BJP in Karnataka',506
507,b'Revanna sex scandal: Why JD(S) matters for the BJP in Karnataka',507
508,b'Revanna sex scandal: Why JD(S) matters for the BJP in Karnataka',508
509,b'Revanna sex scandal: Why JD(S) matters for the BJP in Karnataka',509
510,b'Revanna sex scandal: Why JD(S) matters for the BJP in Karnataka',510
511,b'Revanna sex scandal: Why JD(S) matters for the BJP in Karnataka',511
512,b'Revanna sex scandal: Why JD(S) matters for the BJP in Karnataka',512
513,b'Revanna sex scandal: Why JD(S) matters for the BJP in Karnataka',513
514,b'Revanna sex scandal: Why JD(S) matters for the BJP in Karnataka',514
515,b'Revanna sex scandal: Why JD(S) matters for the BJP in Karnataka',515
516,b'Revanna sex scandal: Why JD(S) matters for the BJP in Karnataka',516
517,b'Revanna sex scandal: Why JD(S) matters for the BJP in Karnataka',517
518,b'Revanna sex scandal: Why JD(S) matters for the BJP in Karnataka',518
519,b'Revanna sex scandal: Why JD(S) matters for the BJP in Karnataka',519
520,b'Revanna sex scandal: Why JD(S) matters for the BJP in Karnataka',520
521,b'Revanna sex scandal: Why JD(S) matters for the BJP in Karnataka',521
522,b'Revanna sex scandal: Why JD(S) matters for the BJP in Karnataka',522
523,b'Revanna sex scandal: Why JD(S) matters for the BJP in Karnataka',523
524,b'Revanna sex scandal: Why JD(S) matters for the BJP in Karnataka',524
525,b'Revanna sex scandal: Why JD(S) matters for the BJP in Karnataka',525
526,b'Revanna sex scandal: Why JD(S) matters for the BJP in Karnataka',526
527,b'Revanna sex scandal: Why JD(S) matters for the BJP in Karnataka',527
528,b'Revanna sex scandal: Why JD(S) matters for the BJP in Karnataka',528
529,b'Revanna sex scandal: Why JD(S) matters for the BJP in Karnataka',529
530,b'Revanna sex scandal: Why JD(S) matters for the BJP in Karnataka',530
531,b'Revanna sex scandal: Why JD(S) matters for the BJP in Karnataka',531
532,b'Revanna sex scandal: Why JD(S) matters for the BJP in Karnataka',532
533,b'Revanna sex scandal: Why JD(S) matters for the BJP in Karnataka',533
534,b'Revanna sex scandal: Why JD(S) matters for the BJP in Karnataka',534
535,b'Revanna sex scandal: Why JD(S) matters for the BJP in Karnataka',535
536,b'Revanna sex scandal: Why JD(S) matters for the BJP in Karnataka',536
537,b'Revanna sex scandal: Why JD(S) matters for the BJP in Karnataka',537
538,b'Revanna sex scandal: Why JD(S) matters for the BJP in Karnataka',538
539,"b""UPDATE 1-India's Modi promises jobs, infrastructure if BJP wins third term""",539
540,"b""UPDATE 1-India's Modi promises jobs, infrastructure if BJP wins third term""",540
541,"b""UPDATE 1-India's Modi promises jobs, infrastructure if BJP wins third term""",541
542,"b""UPDATE 1-India's Modi promises jobs, infrastructure if BJP wins third term""",542
543,"b""UPDATE 1-India's Modi promises jobs, infrastructure if BJP wins third term""",543
544,"b""UPDATE 1-India's Modi promises jobs, infrastructure if BJP wins third term""",544
545,"b""UPDATE 1-India's Modi promises jobs, infrastructure if BJP wins third term""",545
546,"b""UPDATE 1-India's Modi promises jobs, infrastructure if BJP wins third term""",546
547,"b""UPDATE 1-India's Modi promises jobs, infrastructure if BJP wins third term""",547
548,"b""UPDATE 1-India's Modi promises jobs, infrastructure if BJP wins third term""",548
549,"b""UPDATE 1-India's Modi promises jobs, infrastructure if BJP wins third term""",549
550,"b""UPDATE 1-India's Modi promises jobs, infrastructure if BJP wins third term""",550
551,"b""UPDATE 1-India's Modi promises jobs, infrastructure if BJP wins third term""",551
552,"b""UPDATE 1-India's Modi promises jobs, infrastructure if BJP wins third term""",552
553,"b""UPDATE 1-India's Modi promises jobs, infrastructure if BJP wins third term""",553
554,"b""UPDATE 1-India's Modi promises jobs, infrastructure if BJP wins third term""",554
555,"b""UPDATE 1-India's Modi promises jobs, infrastructure if BJP wins third term""",555
556,"b""UPDATE 1-India's Modi promises jobs, infrastructure if BJP wins third term""",556
557,"b""UPDATE 1-India's Modi promises jobs, infrastructure if BJP wins third term""",557
558,"b""UPDATE 1-India's Modi promises jobs, infrastructure if BJP wins third term""",558
559,"b""UPDATE 1-India's Modi promises jobs, infrastructure if BJP wins third term""",559
560,"b""UPDATE 1-India's Modi promises jobs, infrastructure if BJP wins third term""",560
561,"b""UPDATE 1-India's Modi promises jobs, infrastructure if BJP wins third term""",561
562,"b""UPDATE 1-India's Modi promises jobs, infrastructure if BJP wins third term""",562
563,"b""UPDATE 1-India's Modi promises jobs, infrastructure if BJP wins third term""",563
564,"b""UPDATE 1-India's Modi promises jobs, infrastructure if BJP wins third term""",564
565,"b""UPDATE 1-India's Modi promises jobs, infrastructure if BJP wins third term""",565
566,"b""UPDATE 1-India's Modi promises jobs, infrastructure if BJP wins third term""",566
567,"b""UPDATE 1-India's Modi promises jobs, infrastructure if BJP wins third term""",567
568,"b""UPDATE 1-India's Modi promises jobs, infrastructure if BJP wins third term""",568
569,"b""UPDATE 1-India's Modi promises jobs, infrastructure if BJP wins third term""",569
570,"b""UPDATE 1-India's Modi promises jobs, infrastructure if BJP wins third term""",570
571,"b""UPDATE 1-India's Modi promises jobs, infrastructure if BJP wins third term""",571
572,"b""UPDATE 1-India's Modi promises jobs, infrastructure if BJP wins third term""",572
573,"b""UPDATE 1-India's Modi promises jobs, infrastructure if BJP wins third term""",573
574,"b""UPDATE 1-India's Modi promises jobs, infrastructure if BJP wins third term""",574
575,"b""UPDATE 1-India's Modi promises jobs, infrastructure if BJP wins third term""",575
576,"b""UPDATE 1-India's Modi promises jobs, infrastructure if BJP wins third term""",576
577,"b""UPDATE 1-India's Modi promises jobs, infrastructure if BJP wins third term""",577
578,"b""UPDATE 1-India's Modi promises jobs, infrastructure if BJP wins third term""",578
579,"b""UPDATE 1-India's Modi promises jobs, infrastructure if BJP wins third term""",579
580,"b""UPDATE 1-India's Modi promises jobs, infrastructure if BJP wins third term""",580
581,"b""UPDATE 1-India's Modi promises jobs, infrastructure if BJP wins third term""",581
582,"b""UPDATE 1-India's Modi promises jobs, infrastructure if BJP wins third term""",582
583,"b""UPDATE 1-India's Modi promises jobs, infrastructure if BJP wins third term""",583
584,"b""UPDATE 1-India's Modi promises jobs, infrastructure if BJP wins third term""",584
585,"b""UPDATE 1-India's Modi promises jobs, infrastructure if BJP wins third term""",585
586,"b""UPDATE 1-India's Modi promises jobs, infrastructure if BJP wins third term""",586
587,"b""UPDATE 1-India's Modi promises jobs, infrastructure if BJP wins third term""",587
588,"b""UPDATE 1-India's Modi promises jobs, infrastructure if BJP wins third term""",588
589,"b""UPDATE 1-India's Modi promises jobs, infrastructure if BJP wins third term""",589
590,"b""UPDATE 1-India's Modi promises jobs, infrastructure if BJP wins third term""",590
591,"b""UPDATE 1-India's Modi promises jobs, infrastructure if BJP wins third term""",591
592,"b""UPDATE 1-India's Modi promises jobs, infrastructure if BJP wins third term""",592
593,"b""UPDATE 1-India's Modi promises jobs, infrastructure if BJP wins third term""",593
594,"b""UPDATE 1-India's Modi promises jobs, infrastructure if BJP wins third term""",594
595,"b""UPDATE 1-India's Modi promises jobs, infrastructure if BJP wins third term""",595
596,"b""UPDATE 1-India's Modi promises jobs, infrastructure if BJP wins third term""",596
597,"b""UPDATE 1-India's Modi promises jobs, infrastructure if BJP wins third term""",597
598,"b""UPDATE 1-India's Modi promises jobs, infrastructure if BJP wins third term""",598
599,"b""UPDATE 1-India's Modi promises jobs, infrastructure if BJP wins third term""",599
600,"b""UPDATE 1-India's Modi promises jobs, infrastructure if BJP wins third term""",600
601,"b""UPDATE 1-India's Modi promises jobs, infrastructure if BJP wins third term""",601
602,"b""UPDATE 1-India's Modi promises jobs, infrastructure if BJP wins third term""",602
603,"b""UPDATE 1-India's Modi promises jobs, infrastructure if BJP wins third term""",603
604,"b""UPDATE 1-India's Modi promises jobs, infrastructure if BJP wins third term""",604
605,"b""UPDATE 1-India's Modi promises jobs, infrastructure if BJP wins third term""",605
606,"b""UPDATE 1-India's Modi promises jobs, infrastructure if BJP wins third term""",606
607,"b""UPDATE 1-India's Modi promises jobs, infrastructure if BJP wins third term""",607
608,"b""UPDATE 1-India's Modi promises jobs, infrastructure if BJP wins third term""",608
609,"b""UPDATE 1-India's Modi promises jobs, infrastructure if BJP wins third term""",609
610,"b""UPDATE 1-India's Modi promises jobs, infrastructure if BJP wins third term""",610
611,"b""UPDATE 1-India's Modi promises jobs, infrastructure if BJP wins third term""",611
612,"b""UPDATE 1-India's Modi promises jobs, infrastructure if BJP wins third term""",612
613,"b""UPDATE 1-India's Modi promises jobs, infrastructure if BJP wins third term""",613
614,"b""UPDATE 1-India's Modi promises jobs, infrastructure if BJP wins third term""",614
615,"b""UPDATE 1-India's Modi promises jobs, infrastructure if BJP wins third term""",615
616,"b""UPDATE 1-India's Modi promises jobs, infrastructure if BJP wins third term""",616
617,"b""UPDATE 1-India's Modi promises jobs, infrastructure if BJP wins third term""",617
618,"b""UPDATE 1-India's Modi promises jobs, infrastructure if BJP wins third term""",618
619,"b""UPDATE 1-India's Modi promises jobs, infrastructure if BJP wins third term""",619
620,"b""UPDATE 1-India's Modi promises jobs, infrastructure if BJP wins third term""",620
621,"b""UPDATE 1-India's Modi promises jobs, infrastructure if BJP wins third term""",621
622,"b""UPDATE 1-India's Modi promises jobs, infrastructure if BJP wins third term""",622
623,"b""UPDATE 1-India's Modi promises jobs, infrastructure if BJP wins third term""",623
624,"b""UPDATE 1-India's Modi promises jobs, infrastructure if BJP wins third term""",624
625,"b""UPDATE 1-India's Modi promises jobs, infrastructure if BJP wins third term""",625
626,"b""UPDATE 1-India's Modi promises jobs, infrastructure if BJP wins third term""",626
627,"b""UPDATE 1-India's Modi promises jobs, infrastructure if BJP wins third term""",627
628,"b""UPDATE 1-India's Modi promises jobs, infrastructure if BJP wins third term""",628
629,"b""UPDATE 1-India's Modi promises jobs, infrastructure if BJP wins third term""",629
630,"b""UPDATE 1-India's Modi promises jobs, infrastructure if BJP wins third term""",630
631,"b""UPDATE 1-India's Modi promises jobs, infrastructure if BJP wins third term""",631
632,"b""UPDATE 1-India's Modi promises jobs, infrastructure if BJP wins third term""",632
633,"b""UPDATE 1-India's Modi promises jobs, infrastructure if BJP wins third term""",633
634,"b""UPDATE 1-India's Modi promises jobs, infrastructure if BJP wins third term""",634
635,"b""UPDATE 1-India's Modi promises jobs, infrastructure if BJP wins third term""",635
636,"b""UPDATE 1-India's Modi promises jobs, infrastructure if BJP wins third term""",636
637,"b""UPDATE 1-India's Modi promises jobs, infrastructure if BJP wins third term""",637
